--
-- PostgreSQL database dump
--

\restrict 0bhOm6pbfRzkLORjzpzyGhV45Tbb8s77nt86tCPkJqpXe17AA7FgJA8KnbYUvc3

-- Dumped from database version 18.0
-- Dumped by pg_dump version 18.0

-- Started on 2025-10-31 00:05:47

SET statement_timeout = 0;
SET lock_timeout = 0;
SET idle_in_transaction_session_timeout = 0;
SET transaction_timeout = 0;
SET client_encoding = 'UTF8';
SET standard_conforming_strings = on;
SELECT pg_catalog.set_config('search_path', '', false);
SET check_function_bodies = false;
SET xmloption = content;
SET client_min_messages = warning;
SET row_security = off;

--
-- TOC entry 6 (class 2615 OID 16389)
-- Name: zev; Type: SCHEMA; Schema: -; Owner: postgres
--

CREATE SCHEMA zev;


ALTER SCHEMA zev OWNER TO postgres;

SET default_tablespace = '';

SET default_table_access_method = heap;

--
-- TOC entry 230 (class 1259 OID 17867)
-- Name: animal_batch; Type: TABLE; Schema: public; Owner: postgres
--

CREATE TABLE public.animal_batch (
    id bigint NOT NULL,
    created_at timestamp(6) without time zone,
    created_by character varying(255),
    last_modified_at timestamp(6) without time zone,
    last_modified_by character varying(255),
    animal_type character varying(255),
    batch_name character varying(255),
    expected_end_date timestamp(6) without time zone,
    note character varying(255),
    quantity_current integer,
    quantity_start integer,
    start_date timestamp(6) without time zone,
    status character varying(255),
    location_id bigint,
    season_id bigint
);


ALTER TABLE public.animal_batch OWNER TO postgres;

--
-- TOC entry 229 (class 1259 OID 17866)
-- Name: animal_batch_id_seq; Type: SEQUENCE; Schema: public; Owner: postgres
--

ALTER TABLE public.animal_batch ALTER COLUMN id ADD GENERATED BY DEFAULT AS IDENTITY (
    SEQUENCE NAME public.animal_batch_id_seq
    START WITH 1
    INCREMENT BY 1
    NO MINVALUE
    NO MAXVALUE
    CACHE 1
);


--
-- TOC entry 244 (class 1259 OID 18027)
-- Name: categories; Type: TABLE; Schema: public; Owner: postgres
--

CREATE TABLE public.categories (
    id bigint NOT NULL,
    created_at timestamp(6) without time zone,
    created_by character varying(255),
    last_modified_at timestamp(6) without time zone,
    last_modified_by character varying(255),
    description character varying(255),
    name character varying(255)
);


ALTER TABLE public.categories OWNER TO postgres;

--
-- TOC entry 243 (class 1259 OID 18026)
-- Name: categories_id_seq; Type: SEQUENCE; Schema: public; Owner: postgres
--

ALTER TABLE public.categories ALTER COLUMN id ADD GENERATED BY DEFAULT AS IDENTITY (
    SEQUENCE NAME public.categories_id_seq
    START WITH 1
    INCREMENT BY 1
    NO MINVALUE
    NO MAXVALUE
    CACHE 1
);


--
-- TOC entry 232 (class 1259 OID 17876)
-- Name: crop_seasons; Type: TABLE; Schema: public; Owner: postgres
--

CREATE TABLE public.crop_seasons (
    id bigint NOT NULL,
    created_at timestamp(6) without time zone,
    created_by character varying(255),
    last_modified_at timestamp(6) without time zone,
    last_modified_by character varying(255),
    end_date timestamp(6) without time zone NOT NULL,
    season_name character varying(255) NOT NULL,
    start_date timestamp(6) without time zone NOT NULL,
    status character varying(255),
    type character varying(255),
    location_id bigint
);


ALTER TABLE public.crop_seasons OWNER TO postgres;

--
-- TOC entry 231 (class 1259 OID 17875)
-- Name: crop_seasons_id_seq; Type: SEQUENCE; Schema: public; Owner: postgres
--

ALTER TABLE public.crop_seasons ALTER COLUMN id ADD GENERATED BY DEFAULT AS IDENTITY (
    SEQUENCE NAME public.crop_seasons_id_seq
    START WITH 1
    INCREMENT BY 1
    NO MINVALUE
    NO MAXVALUE
    CACHE 1
);


--
-- TOC entry 234 (class 1259 OID 17907)
-- Name: feed_logs; Type: TABLE; Schema: public; Owner: postgres
--

CREATE TABLE public.feed_logs (
    id bigint NOT NULL,
    created_at timestamp(6) without time zone,
    created_by character varying(255),
    last_modified_at timestamp(6) without time zone,
    last_modified_by character varying(255),
    feed_date timestamp(6) without time zone,
    feed_type character varying(255),
    note character varying(255),
    quantity numeric(38,2),
    unit character varying(255),
    animal_batch_id bigint,
    user_id bigint
);


ALTER TABLE public.feed_logs OWNER TO postgres;

--
-- TOC entry 233 (class 1259 OID 17906)
-- Name: feed_logs_id_seq; Type: SEQUENCE; Schema: public; Owner: postgres
--

ALTER TABLE public.feed_logs ALTER COLUMN id ADD GENERATED BY DEFAULT AS IDENTITY (
    SEQUENCE NAME public.feed_logs_id_seq
    START WITH 1
    INCREMENT BY 1
    NO MINVALUE
    NO MAXVALUE
    CACHE 1
);


--
-- TOC entry 248 (class 1259 OID 18055)
-- Name: inventory_transactions; Type: TABLE; Schema: public; Owner: postgres
--

CREATE TABLE public.inventory_transactions (
    id bigint NOT NULL,
    created_at timestamp(6) without time zone,
    created_by character varying(255),
    last_modified_at timestamp(6) without time zone,
    last_modified_by character varying(255),
    note character varying(255),
    quantity integer,
    total_amount numeric(38,2),
    transaction_date timestamp(6) without time zone,
    transaction_type character varying(255),
    unit_price numeric(38,2),
    item_id bigint,
    related_animal_batch_id bigint,
    related_plant_id bigint
);


ALTER TABLE public.inventory_transactions OWNER TO postgres;

--
-- TOC entry 247 (class 1259 OID 18054)
-- Name: inventory_transactions_id_seq; Type: SEQUENCE; Schema: public; Owner: postgres
--

ALTER TABLE public.inventory_transactions ALTER COLUMN id ADD GENERATED BY DEFAULT AS IDENTITY (
    SEQUENCE NAME public.inventory_transactions_id_seq
    START WITH 1
    INCREMENT BY 1
    NO MINVALUE
    NO MAXVALUE
    CACHE 1
);


--
-- TOC entry 246 (class 1259 OID 18036)
-- Name: items; Type: TABLE; Schema: public; Owner: postgres
--

CREATE TABLE public.items (
    id bigint NOT NULL,
    created_at timestamp(6) without time zone,
    created_by character varying(255),
    last_modified_at timestamp(6) without time zone,
    last_modified_by character varying(255),
    current_quantity integer,
    initial_quantity integer,
    name character varying(150),
    reorder_level integer,
    unit character varying(20),
    category_id bigint,
    location_id bigint
);


ALTER TABLE public.items OWNER TO postgres;

--
-- TOC entry 245 (class 1259 OID 18035)
-- Name: items_id_seq; Type: SEQUENCE; Schema: public; Owner: postgres
--

ALTER TABLE public.items ALTER COLUMN id ADD GENERATED BY DEFAULT AS IDENTITY (
    SEQUENCE NAME public.items_id_seq
    START WITH 1
    INCREMENT BY 1
    NO MINVALUE
    NO MAXVALUE
    CACHE 1
);


--
-- TOC entry 228 (class 1259 OID 17851)
-- Name: locations; Type: TABLE; Schema: public; Owner: postgres
--

CREATE TABLE public.locations (
    id bigint NOT NULL,
    created_at timestamp(6) without time zone,
    created_by character varying(255),
    last_modified_at timestamp(6) without time zone,
    last_modified_by character varying(255),
    area_size character varying(255),
    description character varying(255) NOT NULL,
    location_name character varying(255) NOT NULL,
    type character varying(255),
    user_id bigint
);


ALTER TABLE public.locations OWNER TO postgres;

--
-- TOC entry 227 (class 1259 OID 17850)
-- Name: locations_id_seq; Type: SEQUENCE; Schema: public; Owner: postgres
--

ALTER TABLE public.locations ALTER COLUMN id ADD GENERATED BY DEFAULT AS IDENTITY (
    SEQUENCE NAME public.locations_id_seq
    START WITH 1
    INCREMENT BY 1
    NO MINVALUE
    NO MAXVALUE
    CACHE 1
);


--
-- TOC entry 221 (class 1259 OID 17795)
-- Name: permissions; Type: TABLE; Schema: public; Owner: postgres
--

CREATE TABLE public.permissions (
    id bigint NOT NULL,
    created_at timestamp(6) without time zone,
    created_by character varying(255),
    last_modified_at timestamp(6) without time zone,
    last_modified_by character varying(255),
    permission_description character varying(255),
    permission_name character varying(255)
);


ALTER TABLE public.permissions OWNER TO postgres;

--
-- TOC entry 220 (class 1259 OID 17794)
-- Name: permissions_id_seq; Type: SEQUENCE; Schema: public; Owner: postgres
--

ALTER TABLE public.permissions ALTER COLUMN id ADD GENERATED BY DEFAULT AS IDENTITY (
    SEQUENCE NAME public.permissions_id_seq
    START WITH 1
    INCREMENT BY 1
    NO MINVALUE
    NO MAXVALUE
    CACHE 1
);


--
-- TOC entry 238 (class 1259 OID 17948)
-- Name: plants; Type: TABLE; Schema: public; Owner: postgres
--

CREATE TABLE public.plants (
    id bigint NOT NULL,
    created_at timestamp(6) without time zone,
    created_by character varying(255),
    last_modified_at timestamp(6) without time zone,
    last_modified_by character varying(255),
    harvest_date timestamp(6) without time zone,
    notes character varying(255),
    plant_name character varying(255),
    plant_variety character varying(255),
    quantity integer,
    sow_date timestamp(6) without time zone,
    status character varying(255),
    crop_season_id bigint,
    location_id bigint
);


ALTER TABLE public.plants OWNER TO postgres;

--
-- TOC entry 237 (class 1259 OID 17947)
-- Name: plants_id_seq; Type: SEQUENCE; Schema: public; Owner: postgres
--

ALTER TABLE public.plants ALTER COLUMN id ADD GENERATED BY DEFAULT AS IDENTITY (
    SEQUENCE NAME public.plants_id_seq
    START WITH 1
    INCREMENT BY 1
    NO MINVALUE
    NO MAXVALUE
    CACHE 1
);


--
-- TOC entry 242 (class 1259 OID 17998)
-- Name: reports; Type: TABLE; Schema: public; Owner: postgres
--

CREATE TABLE public.reports (
    id bigint NOT NULL,
    created_at timestamp(6) without time zone,
    created_by character varying(255),
    last_modified_at timestamp(6) without time zone,
    last_modified_by character varying(255),
    content character varying(255),
    report_date timestamp(6) without time zone,
    title character varying(150),
    type character varying(255),
    batch_id bigint,
    crop_season_id bigint,
    plant_id bigint,
    user_id bigint
);


ALTER TABLE public.reports OWNER TO postgres;

--
-- TOC entry 241 (class 1259 OID 17997)
-- Name: reports_id_seq; Type: SEQUENCE; Schema: public; Owner: postgres
--

ALTER TABLE public.reports ALTER COLUMN id ADD GENERATED BY DEFAULT AS IDENTITY (
    SEQUENCE NAME public.reports_id_seq
    START WITH 1
    INCREMENT BY 1
    NO MINVALUE
    NO MAXVALUE
    CACHE 1
);


--
-- TOC entry 223 (class 1259 OID 17804)
-- Name: roles; Type: TABLE; Schema: public; Owner: postgres
--

CREATE TABLE public.roles (
    id bigint NOT NULL,
    created_at timestamp(6) without time zone,
    created_by character varying(255),
    last_modified_at timestamp(6) without time zone,
    last_modified_by character varying(255),
    role_description character varying(255),
    role_name character varying(255)
);


ALTER TABLE public.roles OWNER TO postgres;

--
-- TOC entry 222 (class 1259 OID 17803)
-- Name: roles_id_seq; Type: SEQUENCE; Schema: public; Owner: postgres
--

ALTER TABLE public.roles ALTER COLUMN id ADD GENERATED BY DEFAULT AS IDENTITY (
    SEQUENCE NAME public.roles_id_seq
    START WITH 1
    INCREMENT BY 1
    NO MINVALUE
    NO MAXVALUE
    CACHE 1
);


--
-- TOC entry 224 (class 1259 OID 17812)
-- Name: roles_permissions; Type: TABLE; Schema: public; Owner: postgres
--

CREATE TABLE public.roles_permissions (
    role_id bigint NOT NULL,
    permissions_id bigint NOT NULL
);


ALTER TABLE public.roles_permissions OWNER TO postgres;

--
-- TOC entry 250 (class 1259 OID 24581)
-- Name: tokens; Type: TABLE; Schema: public; Owner: postgres
--

CREATE TABLE public.tokens (
    id bigint NOT NULL,
    created_at timestamp(6) without time zone,
    created_by character varying(255),
    last_modified_at timestamp(6) without time zone,
    last_modified_by character varying(255),
    expired boolean NOT NULL,
    revoked boolean NOT NULL,
    token character varying(255),
    token_type character varying(255),
    user_id bigint,
    CONSTRAINT tokens_token_type_check CHECK (((token_type)::text = 'BEARER'::text))
);


ALTER TABLE public.tokens OWNER TO postgres;

--
-- TOC entry 249 (class 1259 OID 24580)
-- Name: tokens_id_seq; Type: SEQUENCE; Schema: public; Owner: postgres
--

ALTER TABLE public.tokens ALTER COLUMN id ADD GENERATED BY DEFAULT AS IDENTITY (
    SEQUENCE NAME public.tokens_id_seq
    START WITH 1
    INCREMENT BY 1
    NO MINVALUE
    NO MAXVALUE
    CACHE 1
);


--
-- TOC entry 226 (class 1259 OID 17820)
-- Name: users; Type: TABLE; Schema: public; Owner: postgres
--

CREATE TABLE public.users (
    id bigint NOT NULL,
    created_at timestamp(6) without time zone,
    created_by character varying(255),
    last_modified_at timestamp(6) without time zone,
    last_modified_by character varying(255),
    email character varying(255) NOT NULL,
    name character varying(255) NOT NULL,
    password character varying(255) NOT NULL,
    phone character varying(255) NOT NULL,
    status character varying(255) NOT NULL,
    role_id bigint,
    date_of_birth timestamp(6) without time zone
);


ALTER TABLE public.users OWNER TO postgres;

--
-- TOC entry 225 (class 1259 OID 17819)
-- Name: users_id_seq; Type: SEQUENCE; Schema: public; Owner: postgres
--

ALTER TABLE public.users ALTER COLUMN id ADD GENERATED BY DEFAULT AS IDENTITY (
    SEQUENCE NAME public.users_id_seq
    START WITH 1
    INCREMENT BY 1
    NO MINVALUE
    NO MAXVALUE
    CACHE 1
);


--
-- TOC entry 236 (class 1259 OID 17927)
-- Name: vaccinations; Type: TABLE; Schema: public; Owner: postgres
--

CREATE TABLE public.vaccinations (
    id bigint NOT NULL,
    created_at timestamp(6) without time zone,
    created_by character varying(255),
    last_modified_at timestamp(6) without time zone,
    last_modified_by character varying(255),
    next_date timestamp(6) without time zone,
    note character varying(255),
    start_date timestamp(6) without time zone,
    vaccination_name character varying(255),
    animal_batch_id bigint,
    user_id bigint
);


ALTER TABLE public.vaccinations OWNER TO postgres;

--
-- TOC entry 235 (class 1259 OID 17926)
-- Name: vaccinations_id_seq; Type: SEQUENCE; Schema: public; Owner: postgres
--

ALTER TABLE public.vaccinations ALTER COLUMN id ADD GENERATED BY DEFAULT AS IDENTITY (
    SEQUENCE NAME public.vaccinations_id_seq
    START WITH 1
    INCREMENT BY 1
    NO MINVALUE
    NO MAXVALUE
    CACHE 1
);


--
-- TOC entry 240 (class 1259 OID 17957)
-- Name: work_diaries; Type: TABLE; Schema: public; Owner: postgres
--

CREATE TABLE public.work_diaries (
    id bigint NOT NULL,
    created_at timestamp(6) without time zone,
    created_by character varying(255),
    last_modified_at timestamp(6) without time zone,
    last_modified_by character varying(255),
    description character varying(255),
    status character varying(255),
    task_name character varying(100),
    work_date timestamp(6) without time zone,
    batch_id bigint,
    crop_season_id bigint,
    plant_id bigint,
    user_id bigint
);


ALTER TABLE public.work_diaries OWNER TO postgres;

--
-- TOC entry 239 (class 1259 OID 17956)
-- Name: work_diaries_id_seq; Type: SEQUENCE; Schema: public; Owner: postgres
--

ALTER TABLE public.work_diaries ALTER COLUMN id ADD GENERATED BY DEFAULT AS IDENTITY (
    SEQUENCE NAME public.work_diaries_id_seq
    START WITH 1
    INCREMENT BY 1
    NO MINVALUE
    NO MAXVALUE
    CACHE 1
);


--
-- TOC entry 5160 (class 0 OID 17867)
-- Dependencies: 230
-- Data for Name: animal_batch; Type: TABLE DATA; Schema: public; Owner: postgres
--

COPY public.animal_batch (id, created_at, created_by, last_modified_at, last_modified_by, animal_type, batch_name, expected_end_date, note, quantity_current, quantity_start, start_date, status, location_id, season_id) FROM stdin;
1	2025-10-26 10:49:45.343059	system	2025-10-26 10:49:45.343059	system	Bò sữa	Đàn bò sữa tháng 10	2026-04-01 08:00:00	Hai con đã được bán	18	20	2025-10-01 08:00:00	ACTIVE	1	1
\.


--
-- TOC entry 5174 (class 0 OID 18027)
-- Dependencies: 244
-- Data for Name: categories; Type: TABLE DATA; Schema: public; Owner: postgres
--

COPY public.categories (id, created_at, created_by, last_modified_at, last_modified_by, description, name) FROM stdin;
1	2025-10-26 12:18:24.862804	system	2025-10-26 12:18:24.862804	system	Mô hình chăn nuôi gà theo hướng hữu cơ, không sử dụng kháng sinh.	Chăn nuôi gà thả vườn
\.


--
-- TOC entry 5162 (class 0 OID 17876)
-- Dependencies: 232
-- Data for Name: crop_seasons; Type: TABLE DATA; Schema: public; Owner: postgres
--

COPY public.crop_seasons (id, created_at, created_by, last_modified_at, last_modified_by, end_date, season_name, start_date, status, type, location_id) FROM stdin;
1	2025-10-26 10:49:27.792325	system	2025-10-26 10:49:27.792325	system	2026-03-30 00:00:00	Vụ Đông Xuân 2025	2025-12-01 00:00:00	ACTIVE	CROP	1
\.


--
-- TOC entry 5164 (class 0 OID 17907)
-- Dependencies: 234
-- Data for Name: feed_logs; Type: TABLE DATA; Schema: public; Owner: postgres
--

COPY public.feed_logs (id, created_at, created_by, last_modified_at, last_modified_by, feed_date, feed_type, note, quantity, unit, animal_batch_id, user_id) FROM stdin;
1	2025-10-26 11:03:32.937056	system	2025-10-26 11:03:32.937056	system	2025-10-21 08:00:00	Cám tổng hợp	Cho ăn sáng	25.50	kg	1	1
\.


--
-- TOC entry 5178 (class 0 OID 18055)
-- Dependencies: 248
-- Data for Name: inventory_transactions; Type: TABLE DATA; Schema: public; Owner: postgres
--

COPY public.inventory_transactions (id, created_at, created_by, last_modified_at, last_modified_by, note, quantity, total_amount, transaction_date, transaction_type, unit_price, item_id, related_animal_batch_id, related_plant_id) FROM stdin;
1	2025-10-26 12:31:47.497271	system	2025-10-26 12:31:47.497271	system	Nhập thêm 50 bao thức ăn gia súc	50	600000.00	2025-10-21 08:30:00	IMPORT	12000.00	1	1	\N
\.


--
-- TOC entry 5176 (class 0 OID 18036)
-- Dependencies: 246
-- Data for Name: items; Type: TABLE DATA; Schema: public; Owner: postgres
--

COPY public.items (id, created_at, created_by, last_modified_at, last_modified_by, current_quantity, initial_quantity, name, reorder_level, unit, category_id, location_id) FROM stdin;
1	2025-10-26 12:20:10.099619	system	2025-10-26 12:20:10.099619	system	80	100	Phân bón NPK 16-16-8	20	bao	1	1
\.


--
-- TOC entry 5158 (class 0 OID 17851)
-- Dependencies: 228
-- Data for Name: locations; Type: TABLE DATA; Schema: public; Owner: postgres
--

COPY public.locations (id, created_at, created_by, last_modified_at, last_modified_by, area_size, description, location_name, type, user_id) FROM stdin;
1	2025-10-26 09:58:28.091754	system	2025-10-26 10:00:27.920053	system	250011m2	Trang trại chăn nuôi bò sữa công nghệ cao	Trang trại Đông Anh111	ANIMAL	1
\.


--
-- TOC entry 5151 (class 0 OID 17795)
-- Dependencies: 221
-- Data for Name: permissions; Type: TABLE DATA; Schema: public; Owner: postgres
--

COPY public.permissions (id, created_at, created_by, last_modified_at, last_modified_by, permission_description, permission_name) FROM stdin;
1	\N	\N	\N	\N	write	WRITE
2	\N	\N	\N	\N	read	READ
\.


--
-- TOC entry 5168 (class 0 OID 17948)
-- Dependencies: 238
-- Data for Name: plants; Type: TABLE DATA; Schema: public; Owner: postgres
--

COPY public.plants (id, created_at, created_by, last_modified_at, last_modified_by, harvest_date, notes, plant_name, plant_variety, quantity, sow_date, status, crop_season_id, location_id) FROM stdin;
1	2025-10-26 11:44:25.652328	system	2025-10-26 11:44:25.652328	system	2025-10-01 08:00:00	Đang trong giai đoạn sinh trưởng tốt, cần theo dõi sâu bệnh.	Lúa	Jasmine 85	1200	2025-06-01 08:00:00	GROWING	1	1
\.


--
-- TOC entry 5172 (class 0 OID 17998)
-- Dependencies: 242
-- Data for Name: reports; Type: TABLE DATA; Schema: public; Owner: postgres
--

COPY public.reports (id, created_at, created_by, last_modified_at, last_modified_by, content, report_date, title, type, batch_id, crop_season_id, plant_id, user_id) FROM stdin;
1	2025-10-26 12:05:11.811179	system	2025-10-26 12:05:11.811179	system	Cây phát triển tốt, đã bón phân đợt 2. Không phát hiện sâu bệnh.	2025-10-21 08:30:00	Báo cáo tình hình sinh trưởng tuần 3	WEEKLY	1	1	1	1
\.


--
-- TOC entry 5153 (class 0 OID 17804)
-- Dependencies: 223
-- Data for Name: roles; Type: TABLE DATA; Schema: public; Owner: postgres
--

COPY public.roles (id, created_at, created_by, last_modified_at, last_modified_by, role_description, role_name) FROM stdin;
1	\N	\N	2025-10-26 17:28:37.721215	system	farmer	FARMER
2	\N	\N	\N	\N	engineer	ENGINEER
3	\N	\N	\N	\N	admin	ADMIN
\.


--
-- TOC entry 5154 (class 0 OID 17812)
-- Dependencies: 224
-- Data for Name: roles_permissions; Type: TABLE DATA; Schema: public; Owner: postgres
--

COPY public.roles_permissions (role_id, permissions_id) FROM stdin;
1	2
1	1
\.


--
-- TOC entry 5180 (class 0 OID 24581)
-- Dependencies: 250
-- Data for Name: tokens; Type: TABLE DATA; Schema: public; Owner: postgres
--

COPY public.tokens (id, created_at, created_by, last_modified_at, last_modified_by, expired, revoked, token, token_type, user_id) FROM stdin;
1	2025-10-26 17:34:12.259054	system	2025-10-26 17:35:46.103385	system	t	t	eyJhbGciOiJIUzI1NiJ9.eyJzdWIiOiJsaW5oMjIyIiwiaWF0IjoxNzYxNDc0ODUyLCJleHAiOjE3NjE1NjEyNTJ9.36JirWtYex4xwOlqpxA-Y3hirxQ8FacUq0wUFYEOaEc	BEARER	1
2	2025-10-26 17:35:46.155407	system	2025-10-26 17:35:46.155407	system	f	f	eyJhbGciOiJIUzI1NiJ9.eyJzdWIiOiJsaW5oMjIyIiwiaWF0IjoxNzYxNDc0OTQ1LCJleHAiOjE3NjE1NjEzNDV9.tlb4vd3x1pw6rrAAGRi6IzbO7rcKUSYRs4abVmXR4j8	BEARER	1
3	2025-10-26 19:59:31.52588	system	2025-10-26 20:03:09.385442	system	t	t	eyJhbGciOiJIUzI1NiJ9.eyJzdWIiOiJjaGluaCIsImlhdCI6MTc2MTQ4MzU3MSwiZXhwIjoxNzYxNTY5OTcxfQ.EQE9sDJYAblfGtXuPnX60OZswjCyEsIgpqFH5IaYYeU	BEARER	49
4	2025-10-26 20:03:09.402715	system	2025-10-26 20:19:32.229539	system	t	t	eyJhbGciOiJIUzI1NiJ9.eyJzdWIiOiJjaGluaCIsImlhdCI6MTc2MTQ4Mzc4OSwiZXhwIjoxNzYxNTcwMTg5fQ.mA7SqKvZkTj7VWvs8zsucMWM2LuLaJek4AwpO6Z0TqM	BEARER	49
5	2025-10-26 20:19:32.246239	system	2025-10-26 20:19:34.872656	system	t	t	eyJhbGciOiJIUzI1NiJ9.eyJzdWIiOiJjaGluaCIsImlhdCI6MTc2MTQ4NDc3MiwiZXhwIjoxNzYxNTcxMTcyfQ.D_9ZjsC3VY9A_y5fSjyUrneAPiyQrUZ5VzoveDPCfRE	BEARER	49
6	2025-10-26 20:19:34.872656	system	2025-10-26 20:20:33.992531	system	t	t	eyJhbGciOiJIUzI1NiJ9.eyJzdWIiOiJjaGluaCIsImlhdCI6MTc2MTQ4NDc3NCwiZXhwIjoxNzYxNTcxMTc0fQ.9ivkIIHM-SSLTX-jGULPBqSWY0UpMuK6ACscehZG0dE	BEARER	49
7	2025-10-26 20:20:33.992531	system	2025-10-26 20:21:07.913616	system	t	t	eyJhbGciOiJIUzI1NiJ9.eyJzdWIiOiJjaGluaCIsImlhdCI6MTc2MTQ4NDgzMywiZXhwIjoxNzYxNTcxMjMzfQ._ooPN_iPXSFFljsN6m7iIJCJ9vSUvkgr3CQzetxcdPI	BEARER	49
8	2025-10-26 20:21:07.918248	system	2025-10-26 20:21:07.918248	system	f	f	eyJhbGciOiJIUzI1NiJ9.eyJzdWIiOiJjaGluaCIsImlhdCI6MTc2MTQ4NDg2NywiZXhwIjoxNzYxNTcxMjY3fQ._4EQaBpG_CEyG7vlRhWyjSl1i9xr0CSOGlzQs3wX9DE	BEARER	49
\.


--
-- TOC entry 5156 (class 0 OID 17820)
-- Dependencies: 226
-- Data for Name: users; Type: TABLE DATA; Schema: public; Owner: postgres
--

COPY public.users (id, created_at, created_by, last_modified_at, last_modified_by, email, name, password, phone, status, role_id, date_of_birth) FROM stdin;
49	2025-10-26 17:28:37.66172	system	2025-10-26 17:28:37.66172	system	chinh	Chinh	$2a$10$4an3vMTQ8LZHB/eAUhKYnOrS.S67NMhKeTOIH/pwYbqQKFN/Xw6G.	0123456	ACTIVE	1	\N
1	2025-10-26 09:00:18.778427	system	2025-10-26 09:29:46.033382	system	linh222	linh1222	$2a$10$4an3vMTQ8LZHB/eAUhKYnOrS.S67NMhKeTOIH/pwYbqQKFN/Xw6G.	0123456	ACTIVE	1	\N
\.


--
-- TOC entry 5166 (class 0 OID 17927)
-- Dependencies: 236
-- Data for Name: vaccinations; Type: TABLE DATA; Schema: public; Owner: postgres
--

COPY public.vaccinations (id, created_at, created_by, last_modified_at, last_modified_by, next_date, note, start_date, vaccination_name, animal_batch_id, user_id) FROM stdin;
1	2025-10-26 11:17:05.116834	system	2025-10-26 11:17:05.116834	system	2025-11-21 09:00:00	Tiêm phòng lần 1 cho lô vật nuôi 5	2025-10-21 09:00:00	Vaccine cúm gia cầm	1	1
\.


--
-- TOC entry 5170 (class 0 OID 17957)
-- Dependencies: 240
-- Data for Name: work_diaries; Type: TABLE DATA; Schema: public; Owner: postgres
--

COPY public.work_diaries (id, created_at, created_by, last_modified_at, last_modified_by, description, status, task_name, work_date, batch_id, crop_season_id, plant_id, user_id) FROM stdin;
1	2025-10-26 11:45:17.006748	system	2025-10-26 11:45:17.006748	system	Bón phân NPK cho ruộng lúa, theo hướng dẫn của kỹ sư nông nghiệp.	PENDING	Bón phân lần 1	2025-10-21 09:00:00	1	1	1	1
\.


--
-- TOC entry 5186 (class 0 OID 0)
-- Dependencies: 229
-- Name: animal_batch_id_seq; Type: SEQUENCE SET; Schema: public; Owner: postgres
--

SELECT pg_catalog.setval('public.animal_batch_id_seq', 1, true);


--
-- TOC entry 5187 (class 0 OID 0)
-- Dependencies: 243
-- Name: categories_id_seq; Type: SEQUENCE SET; Schema: public; Owner: postgres
--

SELECT pg_catalog.setval('public.categories_id_seq', 1, true);


--
-- TOC entry 5188 (class 0 OID 0)
-- Dependencies: 231
-- Name: crop_seasons_id_seq; Type: SEQUENCE SET; Schema: public; Owner: postgres
--

SELECT pg_catalog.setval('public.crop_seasons_id_seq', 1, true);


--
-- TOC entry 5189 (class 0 OID 0)
-- Dependencies: 233
-- Name: feed_logs_id_seq; Type: SEQUENCE SET; Schema: public; Owner: postgres
--

SELECT pg_catalog.setval('public.feed_logs_id_seq', 1, true);


--
-- TOC entry 5190 (class 0 OID 0)
-- Dependencies: 247
-- Name: inventory_transactions_id_seq; Type: SEQUENCE SET; Schema: public; Owner: postgres
--

SELECT pg_catalog.setval('public.inventory_transactions_id_seq', 1, true);


--
-- TOC entry 5191 (class 0 OID 0)
-- Dependencies: 245
-- Name: items_id_seq; Type: SEQUENCE SET; Schema: public; Owner: postgres
--

SELECT pg_catalog.setval('public.items_id_seq', 1, true);


--
-- TOC entry 5192 (class 0 OID 0)
-- Dependencies: 227
-- Name: locations_id_seq; Type: SEQUENCE SET; Schema: public; Owner: postgres
--

SELECT pg_catalog.setval('public.locations_id_seq', 1, true);


--
-- TOC entry 5193 (class 0 OID 0)
-- Dependencies: 220
-- Name: permissions_id_seq; Type: SEQUENCE SET; Schema: public; Owner: postgres
--

SELECT pg_catalog.setval('public.permissions_id_seq', 2, true);


--
-- TOC entry 5194 (class 0 OID 0)
-- Dependencies: 237
-- Name: plants_id_seq; Type: SEQUENCE SET; Schema: public; Owner: postgres
--

SELECT pg_catalog.setval('public.plants_id_seq', 1, true);


--
-- TOC entry 5195 (class 0 OID 0)
-- Dependencies: 241
-- Name: reports_id_seq; Type: SEQUENCE SET; Schema: public; Owner: postgres
--

SELECT pg_catalog.setval('public.reports_id_seq', 1, true);


--
-- TOC entry 5196 (class 0 OID 0)
-- Dependencies: 222
-- Name: roles_id_seq; Type: SEQUENCE SET; Schema: public; Owner: postgres
--

SELECT pg_catalog.setval('public.roles_id_seq', 3, true);


--
-- TOC entry 5197 (class 0 OID 0)
-- Dependencies: 249
-- Name: tokens_id_seq; Type: SEQUENCE SET; Schema: public; Owner: postgres
--

SELECT pg_catalog.setval('public.tokens_id_seq', 8, true);


--
-- TOC entry 5198 (class 0 OID 0)
-- Dependencies: 225
-- Name: users_id_seq; Type: SEQUENCE SET; Schema: public; Owner: postgres
--

SELECT pg_catalog.setval('public.users_id_seq', 49, true);


--
-- TOC entry 5199 (class 0 OID 0)
-- Dependencies: 235
-- Name: vaccinations_id_seq; Type: SEQUENCE SET; Schema: public; Owner: postgres
--

SELECT pg_catalog.setval('public.vaccinations_id_seq', 1, true);


--
-- TOC entry 5200 (class 0 OID 0)
-- Dependencies: 239
-- Name: work_diaries_id_seq; Type: SEQUENCE SET; Schema: public; Owner: postgres
--

SELECT pg_catalog.setval('public.work_diaries_id_seq', 1, true);


--
-- TOC entry 4945 (class 2606 OID 17874)
-- Name: animal_batch animal_batch_pkey; Type: CONSTRAINT; Schema: public; Owner: postgres
--

ALTER TABLE ONLY public.animal_batch
    ADD CONSTRAINT animal_batch_pkey PRIMARY KEY (id);


--
-- TOC entry 4967 (class 2606 OID 18034)
-- Name: categories categories_pkey; Type: CONSTRAINT; Schema: public; Owner: postgres
--

ALTER TABLE ONLY public.categories
    ADD CONSTRAINT categories_pkey PRIMARY KEY (id);


--
-- TOC entry 4951 (class 2606 OID 17886)
-- Name: crop_seasons crop_seasons_pkey; Type: CONSTRAINT; Schema: public; Owner: postgres
--

ALTER TABLE ONLY public.crop_seasons
    ADD CONSTRAINT crop_seasons_pkey PRIMARY KEY (id);


--
-- TOC entry 4953 (class 2606 OID 17914)
-- Name: feed_logs feed_logs_pkey; Type: CONSTRAINT; Schema: public; Owner: postgres
--

ALTER TABLE ONLY public.feed_logs
    ADD CONSTRAINT feed_logs_pkey PRIMARY KEY (id);


--
-- TOC entry 4971 (class 2606 OID 18062)
-- Name: inventory_transactions inventory_transactions_pkey; Type: CONSTRAINT; Schema: public; Owner: postgres
--

ALTER TABLE ONLY public.inventory_transactions
    ADD CONSTRAINT inventory_transactions_pkey PRIMARY KEY (id);


--
-- TOC entry 4969 (class 2606 OID 18043)
-- Name: items items_pkey; Type: CONSTRAINT; Schema: public; Owner: postgres
--

ALTER TABLE ONLY public.items
    ADD CONSTRAINT items_pkey PRIMARY KEY (id);


--
-- TOC entry 4943 (class 2606 OID 17860)
-- Name: locations locations_pkey; Type: CONSTRAINT; Schema: public; Owner: postgres
--

ALTER TABLE ONLY public.locations
    ADD CONSTRAINT locations_pkey PRIMARY KEY (id);


--
-- TOC entry 4933 (class 2606 OID 17802)
-- Name: permissions permissions_pkey; Type: CONSTRAINT; Schema: public; Owner: postgres
--

ALTER TABLE ONLY public.permissions
    ADD CONSTRAINT permissions_pkey PRIMARY KEY (id);


--
-- TOC entry 4959 (class 2606 OID 17955)
-- Name: plants plants_pkey; Type: CONSTRAINT; Schema: public; Owner: postgres
--

ALTER TABLE ONLY public.plants
    ADD CONSTRAINT plants_pkey PRIMARY KEY (id);


--
-- TOC entry 4965 (class 2606 OID 18005)
-- Name: reports reports_pkey; Type: CONSTRAINT; Schema: public; Owner: postgres
--

ALTER TABLE ONLY public.reports
    ADD CONSTRAINT reports_pkey PRIMARY KEY (id);


--
-- TOC entry 4937 (class 2606 OID 17818)
-- Name: roles_permissions roles_permissions_pkey; Type: CONSTRAINT; Schema: public; Owner: postgres
--

ALTER TABLE ONLY public.roles_permissions
    ADD CONSTRAINT roles_permissions_pkey PRIMARY KEY (role_id, permissions_id);


--
-- TOC entry 4935 (class 2606 OID 17811)
-- Name: roles roles_pkey; Type: CONSTRAINT; Schema: public; Owner: postgres
--

ALTER TABLE ONLY public.roles
    ADD CONSTRAINT roles_pkey PRIMARY KEY (id);


--
-- TOC entry 4973 (class 2606 OID 24591)
-- Name: tokens tokens_pkey; Type: CONSTRAINT; Schema: public; Owner: postgres
--

ALTER TABLE ONLY public.tokens
    ADD CONSTRAINT tokens_pkey PRIMARY KEY (id);


--
-- TOC entry 4955 (class 2606 OID 17936)
-- Name: vaccinations uk5mfi5b9i5pp5cf6ilx7q11s95; Type: CONSTRAINT; Schema: public; Owner: postgres
--

ALTER TABLE ONLY public.vaccinations
    ADD CONSTRAINT uk5mfi5b9i5pp5cf6ilx7q11s95 UNIQUE (user_id);


--
-- TOC entry 4947 (class 2606 OID 17888)
-- Name: animal_batch uk7sdemeh0csswrq335mvo9iig9; Type: CONSTRAINT; Schema: public; Owner: postgres
--

ALTER TABLE ONLY public.animal_batch
    ADD CONSTRAINT uk7sdemeh0csswrq335mvo9iig9 UNIQUE (location_id);


--
-- TOC entry 4961 (class 2606 OID 17966)
-- Name: work_diaries uk8q7qp6u6xrx9p69rn98ei024u; Type: CONSTRAINT; Schema: public; Owner: postgres
--

ALTER TABLE ONLY public.work_diaries
    ADD CONSTRAINT uk8q7qp6u6xrx9p69rn98ei024u UNIQUE (user_id);


--
-- TOC entry 4949 (class 2606 OID 17890)
-- Name: animal_batch ukco2l0j5c59hydbob2i21xb9h0; Type: CONSTRAINT; Schema: public; Owner: postgres
--

ALTER TABLE ONLY public.animal_batch
    ADD CONSTRAINT ukco2l0j5c59hydbob2i21xb9h0 UNIQUE (season_id);


--
-- TOC entry 4975 (class 2606 OID 24593)
-- Name: tokens ukna3v9f8s7ucnj16tylrs822qj; Type: CONSTRAINT; Schema: public; Owner: postgres
--

ALTER TABLE ONLY public.tokens
    ADD CONSTRAINT ukna3v9f8s7ucnj16tylrs822qj UNIQUE (token);


--
-- TOC entry 4939 (class 2606 OID 17834)
-- Name: roles_permissions ukoll9subcln0cdjt31bp72a3uv; Type: CONSTRAINT; Schema: public; Owner: postgres
--

ALTER TABLE ONLY public.roles_permissions
    ADD CONSTRAINT ukoll9subcln0cdjt31bp72a3uv UNIQUE (permissions_id);


--
-- TOC entry 4941 (class 2606 OID 17832)
-- Name: users users_pkey; Type: CONSTRAINT; Schema: public; Owner: postgres
--

ALTER TABLE ONLY public.users
    ADD CONSTRAINT users_pkey PRIMARY KEY (id);


--
-- TOC entry 4957 (class 2606 OID 17934)
-- Name: vaccinations vaccinations_pkey; Type: CONSTRAINT; Schema: public; Owner: postgres
--

ALTER TABLE ONLY public.vaccinations
    ADD CONSTRAINT vaccinations_pkey PRIMARY KEY (id);


--
-- TOC entry 4963 (class 2606 OID 17964)
-- Name: work_diaries work_diaries_pkey; Type: CONSTRAINT; Schema: public; Owner: postgres
--

ALTER TABLE ONLY public.work_diaries
    ADD CONSTRAINT work_diaries_pkey PRIMARY KEY (id);


--
-- TOC entry 5002 (class 2606 OID 24594)
-- Name: tokens fk2dylsfo39lgjyqml2tbe0b0ss; Type: FK CONSTRAINT; Schema: public; Owner: postgres
--

ALTER TABLE ONLY public.tokens
    ADD CONSTRAINT fk2dylsfo39lgjyqml2tbe0b0ss FOREIGN KEY (user_id) REFERENCES public.users(id);


--
-- TOC entry 4993 (class 2606 OID 18021)
-- Name: reports fk2o32rer9hfweeylg7x8ut8rj2; Type: FK CONSTRAINT; Schema: public; Owner: postgres
--

ALTER TABLE ONLY public.reports
    ADD CONSTRAINT fk2o32rer9hfweeylg7x8ut8rj2 FOREIGN KEY (user_id) REFERENCES public.users(id);


--
-- TOC entry 4994 (class 2606 OID 18006)
-- Name: reports fk3n24r0k6q90n78apvliev23di; Type: FK CONSTRAINT; Schema: public; Owner: postgres
--

ALTER TABLE ONLY public.reports
    ADD CONSTRAINT fk3n24r0k6q90n78apvliev23di FOREIGN KEY (batch_id) REFERENCES public.animal_batch(id);


--
-- TOC entry 4999 (class 2606 OID 18068)
-- Name: inventory_transactions fk54x9ywm4xh8xqak5apuh44w0s; Type: FK CONSTRAINT; Schema: public; Owner: postgres
--

ALTER TABLE ONLY public.inventory_transactions
    ADD CONSTRAINT fk54x9ywm4xh8xqak5apuh44w0s FOREIGN KEY (related_animal_batch_id) REFERENCES public.animal_batch(id);


--
-- TOC entry 4976 (class 2606 OID 17835)
-- Name: roles_permissions fk570wuy6sacdnrw8wdqjfh7j0q; Type: FK CONSTRAINT; Schema: public; Owner: postgres
--

ALTER TABLE ONLY public.roles_permissions
    ADD CONSTRAINT fk570wuy6sacdnrw8wdqjfh7j0q FOREIGN KEY (permissions_id) REFERENCES public.permissions(id);


--
-- TOC entry 4987 (class 2606 OID 17972)
-- Name: plants fk5hye1xwynw25ooks011v91djg; Type: FK CONSTRAINT; Schema: public; Owner: postgres
--

ALTER TABLE ONLY public.plants
    ADD CONSTRAINT fk5hye1xwynw25ooks011v91djg FOREIGN KEY (location_id) REFERENCES public.locations(id);


--
-- TOC entry 4983 (class 2606 OID 17920)
-- Name: feed_logs fk6olvj6sjls7vpjvwg7w1aivj5; Type: FK CONSTRAINT; Schema: public; Owner: postgres
--

ALTER TABLE ONLY public.feed_logs
    ADD CONSTRAINT fk6olvj6sjls7vpjvwg7w1aivj5 FOREIGN KEY (user_id) REFERENCES public.users(id);


--
-- TOC entry 4982 (class 2606 OID 17901)
-- Name: crop_seasons fk9mj7e4guv663thk5f3299f0m2; Type: FK CONSTRAINT; Schema: public; Owner: postgres
--

ALTER TABLE ONLY public.crop_seasons
    ADD CONSTRAINT fk9mj7e4guv663thk5f3299f0m2 FOREIGN KEY (location_id) REFERENCES public.locations(id);


--
-- TOC entry 4995 (class 2606 OID 18016)
-- Name: reports fkapmul150at5l58mnvlft9l0qi; Type: FK CONSTRAINT; Schema: public; Owner: postgres
--

ALTER TABLE ONLY public.reports
    ADD CONSTRAINT fkapmul150at5l58mnvlft9l0qi FOREIGN KEY (plant_id) REFERENCES public.plants(id);


--
-- TOC entry 4989 (class 2606 OID 17982)
-- Name: work_diaries fkc80p7u1k9oreivqru4en28ocr; Type: FK CONSTRAINT; Schema: public; Owner: postgres
--

ALTER TABLE ONLY public.work_diaries
    ADD CONSTRAINT fkc80p7u1k9oreivqru4en28ocr FOREIGN KEY (crop_season_id) REFERENCES public.crop_seasons(id);


--
-- TOC entry 5000 (class 2606 OID 18073)
-- Name: inventory_transactions fkchvxxrdfny8xyjfli8tsepyqx; Type: FK CONSTRAINT; Schema: public; Owner: postgres
--

ALTER TABLE ONLY public.inventory_transactions
    ADD CONSTRAINT fkchvxxrdfny8xyjfli8tsepyqx FOREIGN KEY (related_plant_id) REFERENCES public.plants(id);


--
-- TOC entry 4979 (class 2606 OID 17861)
-- Name: locations fkdmtxqhxbtg4qt8q6u01hxj52i; Type: FK CONSTRAINT; Schema: public; Owner: postgres
--

ALTER TABLE ONLY public.locations
    ADD CONSTRAINT fkdmtxqhxbtg4qt8q6u01hxj52i FOREIGN KEY (user_id) REFERENCES public.users(id);


--
-- TOC entry 4984 (class 2606 OID 17915)
-- Name: feed_logs fkevjlnk06majcbnx1cq55ti58a; Type: FK CONSTRAINT; Schema: public; Owner: postgres
--

ALTER TABLE ONLY public.feed_logs
    ADD CONSTRAINT fkevjlnk06majcbnx1cq55ti58a FOREIGN KEY (animal_batch_id) REFERENCES public.animal_batch(id);


--
-- TOC entry 4997 (class 2606 OID 18049)
-- Name: items fkg65cl4uhdpomguw1u5epslim2; Type: FK CONSTRAINT; Schema: public; Owner: postgres
--

ALTER TABLE ONLY public.items
    ADD CONSTRAINT fkg65cl4uhdpomguw1u5epslim2 FOREIGN KEY (location_id) REFERENCES public.locations(id);


--
-- TOC entry 4990 (class 2606 OID 17987)
-- Name: work_diaries fkhf5cmoy1gdf6evd8hnu942twi; Type: FK CONSTRAINT; Schema: public; Owner: postgres
--

ALTER TABLE ONLY public.work_diaries
    ADD CONSTRAINT fkhf5cmoy1gdf6evd8hnu942twi FOREIGN KEY (plant_id) REFERENCES public.plants(id);


--
-- TOC entry 4985 (class 2606 OID 17942)
-- Name: vaccinations fkibqrfbnaymp9tso3kuwdvqdfp; Type: FK CONSTRAINT; Schema: public; Owner: postgres
--

ALTER TABLE ONLY public.vaccinations
    ADD CONSTRAINT fkibqrfbnaymp9tso3kuwdvqdfp FOREIGN KEY (user_id) REFERENCES public.users(id);


--
-- TOC entry 4988 (class 2606 OID 17967)
-- Name: plants fkj886j7rlt2e1r0j4wc4egkua8; Type: FK CONSTRAINT; Schema: public; Owner: postgres
--

ALTER TABLE ONLY public.plants
    ADD CONSTRAINT fkj886j7rlt2e1r0j4wc4egkua8 FOREIGN KEY (crop_season_id) REFERENCES public.crop_seasons(id);


--
-- TOC entry 4998 (class 2606 OID 18044)
-- Name: items fkjcdcde7htb3tyjgouo4g9xbmr; Type: FK CONSTRAINT; Schema: public; Owner: postgres
--

ALTER TABLE ONLY public.items
    ADD CONSTRAINT fkjcdcde7htb3tyjgouo4g9xbmr FOREIGN KEY (category_id) REFERENCES public.categories(id);


--
-- TOC entry 4980 (class 2606 OID 17896)
-- Name: animal_batch fklpxuh2d4qe3kkptqupso3e2qq; Type: FK CONSTRAINT; Schema: public; Owner: postgres
--

ALTER TABLE ONLY public.animal_batch
    ADD CONSTRAINT fklpxuh2d4qe3kkptqupso3e2qq FOREIGN KEY (season_id) REFERENCES public.crop_seasons(id);


--
-- TOC entry 5001 (class 2606 OID 18063)
-- Name: inventory_transactions fkmtfrrpsl7j1f7tbmo6j9sfbr2; Type: FK CONSTRAINT; Schema: public; Owner: postgres
--

ALTER TABLE ONLY public.inventory_transactions
    ADD CONSTRAINT fkmtfrrpsl7j1f7tbmo6j9sfbr2 FOREIGN KEY (item_id) REFERENCES public.items(id);


--
-- TOC entry 4991 (class 2606 OID 17992)
-- Name: work_diaries fkmw6lvn87rlrmrfk0n3aoksebo; Type: FK CONSTRAINT; Schema: public; Owner: postgres
--

ALTER TABLE ONLY public.work_diaries
    ADD CONSTRAINT fkmw6lvn87rlrmrfk0n3aoksebo FOREIGN KEY (user_id) REFERENCES public.users(id);


--
-- TOC entry 4986 (class 2606 OID 17937)
-- Name: vaccinations fkn7i4me9a058cnryuyddew3oci; Type: FK CONSTRAINT; Schema: public; Owner: postgres
--

ALTER TABLE ONLY public.vaccinations
    ADD CONSTRAINT fkn7i4me9a058cnryuyddew3oci FOREIGN KEY (animal_batch_id) REFERENCES public.animal_batch(id);


--
-- TOC entry 4981 (class 2606 OID 17891)
-- Name: animal_batch fkooplo652vcpom01mro2bjordx; Type: FK CONSTRAINT; Schema: public; Owner: postgres
--

ALTER TABLE ONLY public.animal_batch
    ADD CONSTRAINT fkooplo652vcpom01mro2bjordx FOREIGN KEY (location_id) REFERENCES public.locations(id);


--
-- TOC entry 4978 (class 2606 OID 17845)
-- Name: users fkp56c1712k691lhsyewcssf40f; Type: FK CONSTRAINT; Schema: public; Owner: postgres
--

ALTER TABLE ONLY public.users
    ADD CONSTRAINT fkp56c1712k691lhsyewcssf40f FOREIGN KEY (role_id) REFERENCES public.roles(id);


--
-- TOC entry 4977 (class 2606 OID 17840)
-- Name: roles_permissions fkqi9odri6c1o81vjox54eedwyh; Type: FK CONSTRAINT; Schema: public; Owner: postgres
--

ALTER TABLE ONLY public.roles_permissions
    ADD CONSTRAINT fkqi9odri6c1o81vjox54eedwyh FOREIGN KEY (role_id) REFERENCES public.roles(id);


--
-- TOC entry 4996 (class 2606 OID 18011)
-- Name: reports fkr88gppkt5l7pxikyo13x86xmt; Type: FK CONSTRAINT; Schema: public; Owner: postgres
--

ALTER TABLE ONLY public.reports
    ADD CONSTRAINT fkr88gppkt5l7pxikyo13x86xmt FOREIGN KEY (crop_season_id) REFERENCES public.crop_seasons(id);


--
-- TOC entry 4992 (class 2606 OID 17977)
-- Name: work_diaries fkrn7ychkmjij4scmke9pbggaa3; Type: FK CONSTRAINT; Schema: public; Owner: postgres
--

ALTER TABLE ONLY public.work_diaries
    ADD CONSTRAINT fkrn7ychkmjij4scmke9pbggaa3 FOREIGN KEY (batch_id) REFERENCES public.animal_batch(id);


-- Completed on 2025-10-31 00:05:47

--
-- PostgreSQL database dump complete
--

\unrestrict 0bhOm6pbfRzkLORjzpzyGhV45Tbb8s77nt86tCPkJqpXe17AA7FgJA8KnbYUvc3

